<?xml version="1.0"?>
<config xmlns:xsi="http://www.w3.org/2001/XMLSchema-instance" xsi:noNamespaceSchemaLocation="urn:magento:framework:ObjectManager/etc/config.xsd">
    <virtualType name="ThreeCon\BannerSlider\Model\Banner\DataProvider" type="Magento\Ui\DataProvider\AbstractDataProvider">
        <arguments>
            <argument name="collection" xsi:type="object">ThreeCon\BannerSlider\Model\ResourceModel\Banner\Collection</argument>
            <argument name="filterPool" xsi:type="object">Magento\Framework\View\Element\UiComponent\DataProvider\FilterPool</argument>
        </arguments>
    </virtualType>
</config>
